name,link,salary,employer,address
Инженер отдела транспортного обеспечения,https://spb.hh.ru/vacancy/66108653,"{'min': 82000, 'max': None, 'cur': 'руб.'}",KONSIERGE,Когалым
Инженер-электроник (эксперт),https://spb.hh.ru/vacancy/55347088,"{'min': 110000, 'max': None, 'cur': 'руб.'}",BAT Russia,Санкт-Петербург
Младший инженер по электронному оборудованию и программному обеспечению,https://spb.hh.ru/vacancy/66125433,"{'min': None, 'max': None, 'cur': None}",АО Uzauto Motors Powertrain,Ташкент
Инженер-конструктор,https://spb.hh.ru/vacancy/66072788,"{'min': 200000, 'max': None, 'cur': 'руб.'}",ТОО ПЗМК - Имсталькон,Павлодар
Инженер по работоспособности АСУТ и МТ,https://spb.hh.ru/vacancy/66075374,"{'min': None, 'max': None, 'cur': None}",ТОО Business and Technology Services,Аксу (Павлодар.обл)
Инженер ВК,https://spb.hh.ru/vacancy/66061688,"{'min': 85000, 'max': 120000, 'cur': 'руб.'}",ООО ВОДАКОМ,Махачкала
Инженер-метролог (поверка СИ),https://spb.hh.ru/vacancy/66166653,"{'min': 65000, 'max': 150000, 'cur': 'руб.'}",ООО ЭнергоПромРесурс,Москва
Главный Инженер Проектов по системам безопасности,https://spb.hh.ru/vacancy/55260545,"{'min': 150000, 'max': 200000, 'cur': 'руб.'}",ООО Монолит Системз,"Москва, Ленинский проспект"
Инженер-конструктор,https://spb.hh.ru/vacancy/55903512,"{'min': 100000, 'max': 150000, 'cur': 'руб.'}",ООО Биопрактика,"Москва, Белорусская и еще 1 "
Pre-Sale инженер,https://spb.hh.ru/vacancy/47884778,"{'min': 500000, 'max': None, 'cur': 'KZT'}",ТОО Ruba Technology,Алматы
Инженер-проектировщик систем электроснабжения,https://spb.hh.ru/vacancy/66158539,"{'min': 90000, 'max': None, 'cur': 'руб.'}",Айсо-энерго,Москва
Инженер-конструктор,https://spb.hh.ru/vacancy/66138323,"{'min': 50000, 'max': 70000, 'cur': 'руб.'}",ООО Термотелеком,"Санкт-Петербург, Волковская"
Инженер ПТО,https://spb.hh.ru/vacancy/55880532,"{'min': 140000, 'max': 170000, 'cur': 'руб.'}",ООО СК Атлант,Красноярск
Инженер-проектировщик (ОВиК в загородных домах),https://spb.hh.ru/vacancy/66068745,"{'min': None, 'max': 110000, 'cur': 'руб.'}",ООО Арктур,"Москва, Речной вокзал"
Главный инженер проекта - производство каркасно-панельных домов,https://spb.hh.ru/vacancy/54899654,"{'min': 180000, 'max': 180000, 'cur': 'руб.'}",Вагнер Евгений Андреевич,Москва
Главный специалист-технолог по процессам нефтепереработки и газопереработки,https://spb.hh.ru/vacancy/66125567,"{'min': None, 'max': None, 'cur': None}",ООО ENTER Engineering Pte. LTD,Ташкент
Главный инженер проекта (Ташкент),https://spb.hh.ru/vacancy/47982364,"{'min': None, 'max': None, 'cur': None}",ООО Golden House,Нур-Султан
Инженер АСУТП,https://spb.hh.ru/vacancy/55892178,"{'min': None, 'max': None, 'cur': None}",ТОО Business and Technology Services,Нур-Султан
Инженер-конструктор,https://spb.hh.ru/vacancy/55901646,"{'min': 80000, 'max': None, 'cur': 'руб.'}",ООО Плант,Ижевск
Главный инженер проекта,https://spb.hh.ru/vacancy/54517203,"{'min': None, 'max': None, 'cur': None}",ООО Golden House,Ташкент
SRE инженер I Инженер доступности,https://spb.hh.ru/vacancy/55584924,"{'min': 350000, 'max': 550000, 'cur': 'руб.'}",HR Prime,Москва
Инженер по метрологии,https://spb.hh.ru/vacancy/66094954,"{'min': 113500, 'max': 113500, 'cur': 'руб.'}",АО Нефтеавтоматика,Уфа
Инженер АСУ ТП (Техобслуживание),https://spb.hh.ru/vacancy/55583393,"{'min': 210000, 'max': None, 'cur': 'руб.'}","Инсист Автоматика,ООО",Омск
Инженер по технической диагностике на объектах Транснефти,https://spb.hh.ru/vacancy/66167789,"{'min': 100000, 'max': None, 'cur': 'руб.'}","Шешмаойл, УК",Альметьевск
Инженер ПТО,https://spb.hh.ru/vacancy/55202532,"{'min': 120000, 'max': 150000, 'cur': 'руб.'}",ООО Нефтегазстрой,Тюмень
Инженер-технолог,https://spb.hh.ru/vacancy/66168014,"{'min': 100000, 'max': None, 'cur': 'руб.'}","Шешмаойл, УК",Лениногорск
Инженер-конструктор / Инженер-проектировщик,https://spb.hh.ru/vacancy/66088438,"{'min': 90000, 'max': 110000, 'cur': 'руб.'}",ООО Хёгер,Санкт-Петербург
Инженер-технолог,https://spb.hh.ru/vacancy/55592084,"{'min': 100000, 'max': 130000, 'cur': 'руб.'}",ООО А-Телематика,Москва
Инженер-проектировщик,https://spb.hh.ru/vacancy/55851537,"{'min': 130000, 'max': 170000, 'cur': 'руб.'}",ЗАО НОРСИ-ТРАНС,"Москва, Савёловская"
Инженер-конструктор,https://spb.hh.ru/vacancy/66109967,"{'min': 100000, 'max': None, 'cur': 'руб.'}",ООО Полировальные системы,"Санкт-Петербург, Василеостровская"
Инженер ПТО,https://spb.hh.ru/vacancy/66124852,"{'min': 130000, 'max': 130000, 'cur': 'руб.'}",ООО СК Бастион,Красноярск
Инженер ПТО,https://spb.hh.ru/vacancy/52231511,"{'min': 100000, 'max': 133000, 'cur': 'руб.'}",ООО Идеалстройинвест Уфа,Уфа
Инженер по работе с проектами,https://spb.hh.ru/vacancy/54549139,"{'min': 130000, 'max': None, 'cur': 'руб.'}",ООО Белый свет 2000,"Москва, Войковская и еще 1 "
Главный инженер,https://spb.hh.ru/vacancy/66131172,"{'min': 150000, 'max': None, 'cur': 'руб.'}",АО АнРуссТранс,Воронеж
Инженер-конструктор,https://spb.hh.ru/vacancy/55134239,"{'min': 50000, 'max': None, 'cur': 'руб.'}",ООО Ростехэнерго,Ростов-на-Дону
Инженер-проектировщик (начинающий специалист),https://spb.hh.ru/vacancy/55372666,"{'min': 60000, 'max': None, 'cur': 'руб.'}",ООО Техно инжиниринг,"Москва, Фили и еще 1 "
Инженер АСУ ТП,https://spb.hh.ru/vacancy/66128179,"{'min': None, 'max': 150000, 'cur': 'руб.'}",ООО ВЭПС,Санкт-Петербург
Главный инженер Управления эксплуатацией,https://spb.hh.ru/vacancy/55563476,"{'min': 250000, 'max': 250000, 'cur': 'руб.'}",ООО УПРАВЛЕНИЕ НЕДВИЖИМОСТЬЮ,Москва
Инженер/менеджер,https://spb.hh.ru/vacancy/50039590,"{'min': 100000, 'max': 150000, 'cur': 'руб.'}",ООО СЗРК,Санкт-Петербург
Инженер-электроник / Сервисный инженер,https://spb.hh.ru/vacancy/66061659,"{'min': 80000, 'max': 120000, 'cur': 'руб.'}",ООО Первый ампер,Новосибирск
Инженер,https://spb.hh.ru/vacancy/55897423,"{'min': 80000, 'max': None, 'cur': 'руб.'}",ООО Клин Сити,Москва
Инженер по технической диагностике на объектах Транснефти,https://spb.hh.ru/vacancy/66167787,"{'min': 100000, 'max': None, 'cur': 'руб.'}","Шешмаойл, УК",Казань
Инженер по расчетам,https://spb.hh.ru/vacancy/55412565,"{'min': 60000, 'max': 100000, 'cur': 'руб.'}",ООО Е8,Тула
"Инженер-конструктор, проектировщик",https://spb.hh.ru/vacancy/55434605,"{'min': 120000, 'max': 140000, 'cur': 'руб.'}",ООО ЕИМ инжениринг,Санкт-Петербург
Ведущий инженер по автоматизации,https://spb.hh.ru/vacancy/55457928,"{'min': 150000, 'max': None, 'cur': 'руб.'}",ООО Пневмакс,Москва
Инженер,https://spb.hh.ru/vacancy/55851975,"{'min': 75000, 'max': None, 'cur': 'руб.'}",АО Хакель,Санкт-Петербург
Инженер-диагност,https://spb.hh.ru/vacancy/66126795,"{'min': None, 'max': 150000, 'cur': 'руб.'}",ООО Умные Устройства,Москва
Главный инженер,https://spb.hh.ru/vacancy/55295523,"{'min': 100000, 'max': 150000, 'cur': 'руб.'}",АО ТРАНСКЕМИКЛ - экспресс,Коломна
Инженер,https://spb.hh.ru/vacancy/55895576,"{'min': 45000, 'max': None, 'cur': 'руб.'}",ООО Аспект,"Самара, Московская"
Ведущий инженер ПТО,https://spb.hh.ru/vacancy/55342522,"{'min': 130000, 'max': None, 'cur': 'руб.'}",ООО Сму-22,Москва
Инженер по наладке и испытаниям,https://spb.hh.ru/vacancy/55405484,"{'min': 150000, 'max': 200000, 'cur': 'руб.'}",Jobers,Новосибирск
Инженер-проектировщик систем информационной безопасности,https://spb.hh.ru/vacancy/55221624,"{'min': 200000, 'max': None, 'cur': 'руб.'}",АО Винтегра Секьюрити,Москва
Инженер-конструктор,https://spb.hh.ru/vacancy/66086039,"{'min': 100000, 'max': 120000, 'cur': 'руб.'}",Деталь Бизнеса,Москва
Инженер ПТО (Оренбургская обл.),https://spb.hh.ru/vacancy/66127431,"{'min': 100000, 'max': None, 'cur': 'руб.'}",ООО РИВЕР ГРУП,Оренбург
Инженер ПТО,https://spb.hh.ru/vacancy/66073068,"{'min': 150000, 'max': 150000, 'cur': 'руб.'}",Green Flow Hotel Rosa Khutor,"Москва, Добрынинская"
Горный инженер,https://spb.hh.ru/vacancy/66135181,"{'min': 60000, 'max': 90000, 'cur': 'руб.'}",ООО ДОРТРАНССТРОЙ,Братск
Инженер,https://spb.hh.ru/vacancy/49061706,"{'min': 80000, 'max': 100000, 'cur': 'руб.'}",Связь инжиниринг М,"Москва, Варшавская"
Инженер по диагностике (по вращающемуся оборудованию),https://spb.hh.ru/vacancy/55442840,"{'min': 130000, 'max': None, 'cur': 'руб.'}",ООО ИТР,Санкт-Петербург
Инженер испытательной лаборатории (СОУТ),https://spb.hh.ru/vacancy/55839556,"{'min': None, 'max': None, 'cur': None}",ООО УЦ Профстандарт,Новосибирск
Техник - инженер (Начинающий специалист),https://spb.hh.ru/vacancy/66115600,"{'min': 50000, 'max': None, 'cur': 'руб.'}",ТехноГород,Ставрополь
Инженер,https://spb.hh.ru/vacancy/54427433,"{'min': 58000, 'max': None, 'cur': 'руб.'}",АО Фармация,Тюмень
Инженер (Китай),https://spb.hh.ru/vacancy/66106649,"{'min': 150000, 'max': None, 'cur': 'руб.'}",ООО Восхождение,Новосибирск
Ведущий инженер проекта,https://spb.hh.ru/vacancy/54678959,"{'min': 120000, 'max': None, 'cur': 'руб.'}",Heurtey Petrochem Rus,Санкт-Петербург
Инженер ВиК,https://spb.hh.ru/vacancy/66168539,"{'min': 100000, 'max': 150000, 'cur': 'руб.'}",ООО Инженерные системы Эколайф,Москва
"Инженер по продажам преобразователей частоты, редукторов и мотор-редукторов",https://spb.hh.ru/vacancy/66098243,"{'min': 120000, 'max': None, 'cur': 'руб.'}",ООО Приводная механика,Москва
Инженер ПТО,https://spb.hh.ru/vacancy/47902490,"{'min': 120000, 'max': 250000, 'cur': 'руб.'}",Da Vinci,Москва
Инженер ПТО,https://spb.hh.ru/vacancy/54632088,"{'min': 80000, 'max': None, 'cur': 'руб.'}",ООО УиС,"Москва, Дмитровская"
Инженер 1 категории,https://spb.hh.ru/vacancy/66143766,"{'min': 90000, 'max': None, 'cur': 'руб.'}",Группа промышленных компаний “Корпорация ТИРА”,"Санкт-Петербург, Василеостровская"
Инженер-дизайнер.,https://spb.hh.ru/vacancy/50706281,"{'min': 40000, 'max': 100000, 'cur': 'руб.'}",ООО Патриот,Воронеж
Инженер (Китай),https://spb.hh.ru/vacancy/66122333,"{'min': 150000, 'max': None, 'cur': 'руб.'}",ООО Восхождение,Ульяновск
Главный инженер,https://spb.hh.ru/vacancy/66096740,"{'min': 140000, 'max': 140000, 'cur': 'руб.'}",ООО Агрофирма Золотая Балка,Севастополь
Инженер – специалист по пыле газоочистному оборудованию,https://spb.hh.ru/vacancy/55289971,"{'min': 110000, 'max': 160000, 'cur': 'руб.'}",ООО КонсалтПро,Москва
Инженер / радио-электронщик по обслуживанию медицинского оборудования,https://spb.hh.ru/vacancy/66127199,"{'min': 80000, 'max': None, 'cur': 'руб.'}",ООО Перспектива,Якутск
Инженер-разработчик СУУТП,https://spb.hh.ru/vacancy/54693462,"{'min': 100000, 'max': None, 'cur': 'руб.'}",ООО Т-Софт,"Санкт-Петербург, Московская"
Инженер по обследованию ЗиС,https://spb.hh.ru/vacancy/55387333,"{'min': 70000, 'max': None, 'cur': 'руб.'}",ООО АТЭ Паритет,Краснодар
Инженер контроля качества,https://spb.hh.ru/vacancy/66099219,"{'min': None, 'max': 99000, 'cur': 'руб.'}",ООО ПИК,Томск
Специалист по обследованию зданий и сооружений (инженер),https://spb.hh.ru/vacancy/55576874,"{'min': 85000, 'max': 130000, 'cur': 'руб.'}",ООО Инженерный центр СтройЭксперт,"Екатеринбург, Чкаловская"
Инженер по обследованию зданий,https://spb.hh.ru/vacancy/55844707,"{'min': 90000, 'max': 150000, 'cur': 'руб.'}",ООО Кей-Стафф,Санкт-Петербург
BIM координатор-инженер,https://spb.hh.ru/vacancy/54759884,"{'min': None, 'max': 140000, 'cur': 'руб.'}",ООО ЛИИС Инженерные Решения,Санкт-Петербург
Инженер по технической документации,https://spb.hh.ru/vacancy/66070407,"{'min': None, 'max': None, 'cur': None}",ООО РЕГАЗ,Нижний Новгород
Инженер ПТО,https://spb.hh.ru/vacancy/55856010,"{'min': 330000, 'max': 335000, 'cur': 'KZT'}",АО Экотон+,Нур-Султан
Инженер по ремонту майнинг оборудования,https://spb.hh.ru/vacancy/55514597,"{'min': 150000, 'max': None, 'cur': 'руб.'}",ООО Центр Обработки Данных,Новосибирск
Инженер АСУ ТП / Инженер по автоматизации,https://spb.hh.ru/vacancy/54704199,"{'min': 110000, 'max': None, 'cur': 'руб.'}",ООО Юнифорс Инжиниринг,Москва
Инженер-конструктор,https://spb.hh.ru/vacancy/55428584,"{'min': 70000, 'max': 110000, 'cur': 'руб.'}",ООО Агровент-М,Подольск (Московская область)
Ведущий инженер-технолог,https://spb.hh.ru/vacancy/54693457,"{'min': 110000, 'max': None, 'cur': 'руб.'}",ООО Т-Софт,"Санкт-Петербург, Московская"
Заместитель главного инженера/главный энергетик,https://spb.hh.ru/vacancy/66085203,"{'min': 95000, 'max': 95000, 'cur': 'руб.'}",ООО Отель Вавельберг,Санкт-Петербург
Инженер-технолог (гальваника),https://spb.hh.ru/vacancy/55587256,"{'min': 80000, 'max': 150000, 'cur': 'руб.'}",ООО Бологовский Арматурный Завод,Нижний Новгород
Технико-коммерческий инженер/Инженер по подбору оборудования,https://spb.hh.ru/vacancy/66145712,"{'min': 100000, 'max': None, 'cur': 'руб.'}",ООО Стройинжпроект,"Москва, Алтуфьево и еще 1 "
Стажер-инженер,https://spb.hh.ru/vacancy/66113079,"{'min': 40000, 'max': None, 'cur': 'руб.'}",Naturi,Москва
Инженер ОТ и ТБ,https://spb.hh.ru/vacancy/66124403,"{'min': 90000, 'max': 140000, 'cur': 'руб.'}",ООО РигВеда,Краснодар
Главный инженер/заместитель главного инженера,https://spb.hh.ru/vacancy/66073445,"{'min': 200000, 'max': 200000, 'cur': 'руб.'}",ООО Альянс,Санкт-Петербург
"Инженер по техническому обслуживанию, наладке и испытаниям котельных",https://spb.hh.ru/vacancy/66105770,"{'min': 80000, 'max': 120000, 'cur': 'руб.'}",ООО Политех Энерго,Санкт-Петербург
Сервисный инженер,https://spb.hh.ru/vacancy/66138407,"{'min': 70000, 'max': 250000, 'cur': 'руб.'}",ООО Открытые Технологии,Кемерово
Заместитель главного инженера,https://spb.hh.ru/vacancy/55895574,"{'min': 120000, 'max': 150000, 'cur': 'руб.'}",ООО Инфранова,Москва
ИТР - Инженер технических работ,https://spb.hh.ru/vacancy/55884334,"{'min': 80000, 'max': None, 'cur': 'руб.'}",ООО Гецельд и Гецельтен,Жуковский
Инженер проекта,https://spb.hh.ru/vacancy/50237756,"{'min': 85000, 'max': None, 'cur': 'руб.'}",ЗАО ТРЭМ Инжиниринг,Старая Купавна
Инженер-конструктор,https://spb.hh.ru/vacancy/55355194,"{'min': 90000, 'max': 110000, 'cur': 'руб.'}",ООО АРКАСИЛ СК,Москва
Ведущий инженер ПТО,https://spb.hh.ru/vacancy/55581056,"{'min': None, 'max': 140000, 'cur': 'руб.'}",Термосиб Плюс,Новосибирск
Инженер технического надзора,https://spb.hh.ru/vacancy/66067194,"{'min': 75000, 'max': None, 'cur': 'руб.'}",Девелоперская компания Создатели,Тюмень
Инженер-технолог,https://spb.hh.ru/vacancy/66168013,"{'min': 100000, 'max': None, 'cur': 'руб.'}","Шешмаойл, УК",Набережные Челны
Заместитель главного инженера,https://spb.hh.ru/vacancy/66104341,"{'min': 70000, 'max': None, 'cur': 'руб.'}",ПриволжскНИПИнефть,"Самара, Безымянка"
Ведущий специалист (Инженер),https://spb.hh.ru/vacancy/54687833,"{'min': 150000, 'max': None, 'cur': 'руб.'}",ООО ССК ГАЗРЕГИОН,Екатеринбург
Инженер 1 категории Технологического отдела,https://spb.hh.ru/vacancy/66134804,"{'min': 60000, 'max': 70000, 'cur': 'руб.'}",АО Гипротрубопровод,Самара
Ведущий инженер-технолог,https://spb.hh.ru/vacancy/54887212,"{'min': 100000, 'max': None, 'cur': 'руб.'}",ООО СБИ,"Москва, Марксистская и еще 2 "
Инженер SCADA / Дата-инженер,https://spb.hh.ru/vacancy/66106824,"{'min': 110000, 'max': None, 'cur': 'руб.'}",ООО ПГИ,"Москва, Баррикадная и еще 1 "
Инженер ПТО (Технологический трубопровод),https://spb.hh.ru/vacancy/66144943,"{'min': 100000, 'max': 115000, 'cur': 'руб.'}",ООО АЛЬФАВЕСТСТРОЙ,Воронеж
Помощник главного инженера проекта/ГИП,https://spb.hh.ru/vacancy/55567487,"{'min': 65000, 'max': None, 'cur': 'руб.'}",ООО НВС,Санкт-Петербург
Инженер-электронщик,https://spb.hh.ru/vacancy/54658263,"{'min': 80000, 'max': 120000, 'cur': 'руб.'}",ООО ИКС-Суппорт,Иркутск
Инженер ПТО,https://spb.hh.ru/vacancy/66105712,"{'min': 120000, 'max': None, 'cur': 'руб.'}",Альфа Хантер,Москва
Инженер,https://spb.hh.ru/vacancy/55890603,"{'min': None, 'max': None, 'cur': None}",ООО ЦНиПР Техбезопасность,Санкт-Петербург
Инженер по эксплуатации,https://spb.hh.ru/vacancy/66130294,"{'min': 90000, 'max': None, 'cur': 'руб.'}","«Spar», Офис","Москва, Строгино"
Главный инженер (строительство),https://spb.hh.ru/vacancy/66130111,"{'min': 110000, 'max': 160000, 'cur': 'руб.'}",ООО СЗРК,Санкт-Петербург
Инженер - разработчик СВЧ техники,https://spb.hh.ru/vacancy/55872404,"{'min': 150000, 'max': None, 'cur': 'руб.'}",ООО Радиокомп,Москва
"Инженер-конструктор (SolidWorks, Inventor)",https://spb.hh.ru/vacancy/55530008,"{'min': 90000, 'max': None, 'cur': 'руб.'}",ФОРЭНЕРГО-ТРЕЙД,"Москва, Перово"
Инженер ПТО,https://spb.hh.ru/vacancy/55236447,"{'min': 100000, 'max': 130000, 'cur': 'руб.'}",ООО СК Альфа Регион,Иркутск
Инженер ПТО,https://spb.hh.ru/vacancy/66101903,"{'min': 100000, 'max': None, 'cur': 'руб.'}",ООО Энергосервис,Москва
Ведущий Инженер-конструктор,https://spb.hh.ru/vacancy/52403459,"{'min': 100000, 'max': None, 'cur': 'руб.'}",ООО Проектно-производственная компания ИноксДрайв,"Санкт-Петербург, Елизаровская"
Сервисный Инженер ЦТО,https://spb.hh.ru/vacancy/66138777,"{'min': 65000, 'max': None, 'cur': 'руб.'}",ООО Союз 76,Самара
Инженер ПТО,https://spb.hh.ru/vacancy/55557195,"{'min': 75000, 'max': 97000, 'cur': 'руб.'}",ТехАтомСтрой,Димитровград
Инженер ПТО,https://spb.hh.ru/vacancy/55901685,"{'min': 130000, 'max': None, 'cur': 'руб.'}",ООО ИНЖИКОМ,Москва
Инженер-схемотехник,https://spb.hh.ru/vacancy/55597853,"{'min': 80000, 'max': 130000, 'cur': 'руб.'}",АО Комплектэнергоучет,Санкт-Петербург
Инженер по подготовке производства,https://spb.hh.ru/vacancy/66078704,"{'min': 120000, 'max': None, 'cur': 'руб.'}",ООО Левитэк,Москва
Инженер по наладке и испытаниям,https://spb.hh.ru/vacancy/55368748,"{'min': 93000, 'max': None, 'cur': 'руб.'}",ООО Энергопотенциал М,Нижневартовск
Инженер-проектировщик,https://spb.hh.ru/vacancy/66088123,"{'min': 80000, 'max': 120000, 'cur': 'руб.'}",ООО Куб-Системы проект,Москва
Инженер-электроник,https://spb.hh.ru/vacancy/55433804,"{'min': 95000, 'max': None, 'cur': 'руб.'}",ООО Метромаш,"Санкт-Петербург, Купчино"
Инженер,https://spb.hh.ru/vacancy/66108783,"{'min': 34800, 'max': 34800, 'cur': 'руб.'}",Пожарная охрана Республики Татарстан,"Казань, Козья слобода"
Инженер ПТО/ сметчик,https://spb.hh.ru/vacancy/66095639,"{'min': 400000, 'max': None, 'cur': 'KZT'}",ТОО Атрикс-Строй,Алматы
Инженер ПТО (удаленно),https://spb.hh.ru/vacancy/66131493,"{'min': None, 'max': None, 'cur': None}",АО ДОНГИС,Ростов-на-Дону
"Инженер ПТО на участок ""Подготовка исполнительной документации""",https://spb.hh.ru/vacancy/66074254,"{'min': 70000, 'max': 90000, 'cur': 'руб.'}",ООО Авентин Инжиниринг,"Санкт-Петербург, Комендантский проспект"
Инженер,https://spb.hh.ru/vacancy/66071055,"{'min': 60000, 'max': 90000, 'cur': 'руб.'}",АО Инженерно-Технический Центр Джэт,Томск
Инженер-менеджер (аренда опалубки),https://spb.hh.ru/vacancy/55154397,"{'min': 100000, 'max': 120000, 'cur': 'руб.'}",ПрофМастер,Москва
Инженер по подготовке производства,https://spb.hh.ru/vacancy/55543139,"{'min': None, 'max': 80000, 'cur': 'руб.'}",ООО Инмет,Санкт-Петербург
Инженер строительного контроля,https://spb.hh.ru/vacancy/55534368,"{'min': 90000, 'max': 130000, 'cur': 'руб.'}",ООО Нефтегазовая инспекция,Нижний Новгород
Инженер-электроник,https://spb.hh.ru/vacancy/55555393,"{'min': None, 'max': 100000, 'cur': 'руб.'}",ООО Авт,Екатеринбург
Инженер проектировщик,https://spb.hh.ru/vacancy/66090477,"{'min': 70000, 'max': 100000, 'cur': 'руб.'}",ООО СК Маск,Москва
Инженер СИД (сбор исходных данных),https://spb.hh.ru/vacancy/66131613,"{'min': 75000, 'max': 90000, 'cur': 'руб.'}",ООО СтройГазКомплект,"Санкт-Петербург, Горьковская"
Инженер,https://spb.hh.ru/vacancy/55352142,"{'min': 30000, 'max': 50000, 'cur': 'руб.'}",ООО НОВАТОР ПЛЮС,Ростов-на-Дону
Инженер ПТО,https://spb.hh.ru/vacancy/55281081,"{'min': 100000, 'max': 115000, 'cur': 'руб.'}",ООО ЦКС,Уфа
Ведущий инженер по серверам и СХД,https://spb.hh.ru/vacancy/66125525,"{'min': 200000, 'max': 240000, 'cur': 'руб.'}",ООО Росукреп,"Москва, Павелецкая"
Инженер-технолог,https://spb.hh.ru/vacancy/55359661,"{'min': 80000, 'max': 90000, 'cur': 'руб.'}",Физиотехника,Санкт-Петербург
Ведущий инженер службы заказчика,https://spb.hh.ru/vacancy/55489844,"{'min': 90000, 'max': 90000, 'cur': 'руб.'}",ООО А-Девелопмент,Сочи
Инженер-проектировщик,https://spb.hh.ru/vacancy/55432898,"{'min': 60000, 'max': 100000, 'cur': 'руб.'}",IS company,Красноярск
Инженер-конструктор (сметчик/чертежник),https://spb.hh.ru/vacancy/55526601,"{'min': 80000, 'max': 150000, 'cur': 'руб.'}",ООО GetStone,Москва
Инженер (эксперт) по обследованию зданий и сооружений,https://spb.hh.ru/vacancy/55582521,"{'min': 90000, 'max': 110000, 'cur': 'руб.'}",ООО ИК СтройЭксперт,Москва
Инженер по контролю качества/QA/QC Engineer,https://spb.hh.ru/vacancy/66111189,"{'min': None, 'max': None, 'cur': None}",ООО КСА ДОЙТАГ Раша,Тюмень
Инженер по специальным работам,https://spb.hh.ru/vacancy/55897211,"{'min': 90000, 'max': None, 'cur': 'руб.'}",ОАО Сварочно-монтажный трест,Москва
Главный инженер,https://spb.hh.ru/vacancy/66063697,"{'min': 100000, 'max': 100000, 'cur': 'руб.'}",ООО Регион,Нижневартовск
Инженер,https://spb.hh.ru/vacancy/49932716,"{'min': 40000, 'max': None, 'cur': 'руб.'}",АО Омское производственное объединение Радиозавод им. А. С. Попова (РЕЛЕРО),Омск
Инженер ОКС,https://spb.hh.ru/vacancy/55437533,"{'min': 75000, 'max': 80000, 'cur': 'руб.'}",ООО Квартал,Краснодар
Инженер-технолог,https://spb.hh.ru/vacancy/55883705,"{'min': 70000, 'max': None, 'cur': 'руб.'}",ООО Континенталь,Копейск
Инженер производственного отдела,https://spb.hh.ru/vacancy/66097999,"{'min': 100000, 'max': 110000, 'cur': 'руб.'}","Мосты и тоннели, СК",Москва
Инженер-технолог,https://spb.hh.ru/vacancy/55377639,"{'min': 70000, 'max': None, 'cur': 'руб.'}",ООО Меринг,Санкт-Петербург
Инженер,https://spb.hh.ru/vacancy/55050998,"{'min': 95000, 'max': None, 'cur': 'руб.'}",ООО Реал Групп,Москва
Инженер сметно-договорного отдела (Инженер по продажам в малоэтажном строительстве),https://spb.hh.ru/vacancy/55261997,"{'min': 120000, 'max': 200000, 'cur': 'руб.'}",ООО Загородный дом,Москва
Инженер ПТО,https://spb.hh.ru/vacancy/66086517,"{'min': 70000, 'max': 80000, 'cur': 'руб.'}",ООО Глобал Констракшн Групп,Москва
Инженер-технолог,https://spb.hh.ru/vacancy/66122652,"{'min': 150000, 'max': None, 'cur': 'руб.'}",ООО ТД Пласт-Трэйд,Москва
Ведущий инженер-конструктор/инженер-конструктор,https://spb.hh.ru/vacancy/66088881,"{'min': 45000, 'max': 100000, 'cur': 'руб.'}",Engerra Engineering,Ростов-на-Дону
Инженер по обследованию зданий и сооружений/инженер-проектировщик,https://spb.hh.ru/vacancy/66139778,"{'min': 85000, 'max': 190000, 'cur': 'руб.'}",ООО ТЕХДИАГНОСТИКА,Екатеринбург
"Инженер по продажам преобразователей частоты, редукторов и мотор-редукторов",https://spb.hh.ru/vacancy/66098244,"{'min': 120000, 'max': None, 'cur': 'руб.'}",ООО Приводная механика,Санкт-Петербург
Инженер,https://spb.hh.ru/vacancy/55863876,"{'min': 40000, 'max': None, 'cur': 'руб.'}","АО Кристалл, МТУ",Оренбург
Инженер- проектировщик КЖ,https://spb.hh.ru/vacancy/66125407,"{'min': None, 'max': None, 'cur': None}",ООО Инженерный Центр ГИПАР,Краснодар
Начинающий инженер-проектировщик ОВиК (Только с КРАСНЫМ дипломом!).,https://spb.hh.ru/vacancy/55020282,"{'min': 50000, 'max': 250000, 'cur': 'руб.'}",ТУРКОВ,"Москва, Автозаводская"
Инженер отдела обследования зданий и сооружений,https://spb.hh.ru/vacancy/55524427,"{'min': 100000, 'max': None, 'cur': 'руб.'}",ООО Аракис,Москва
Инженер-проектировщик ИССО,https://spb.hh.ru/vacancy/66105020,"{'min': 150000, 'max': 200000, 'cur': 'руб.'}",ООО СиАрСиСи Рус,"Москва, Калужская"
Ведущий инженер ПТО,https://spb.hh.ru/vacancy/54951125,"{'min': None, 'max': 130000, 'cur': 'руб.'}",ООО Строймонтаж,Москва
Ведущий инженер-технолог,https://spb.hh.ru/vacancy/66073174,"{'min': 71854, 'max': 71854, 'cur': 'руб.'}",Московский филиал ФГУП Московское ПрОП Минтруда России,Москва
Сетевой инженер,https://spb.hh.ru/vacancy/55567388,"{'min': 120000, 'max': 160000, 'cur': 'руб.'}",ДАТАПРО,Москва
"Главный инженер, г. Нижнеангарск",https://spb.hh.ru/vacancy/66138195,"{'min': 250000, 'max': None, 'cur': 'руб.'}",Kelly Services,Чита
Инженер-конструктор (механик),https://spb.hh.ru/vacancy/66114836,"{'min': None, 'max': 130000, 'cur': 'руб.'}",АО Обуховское,"Санкт-Петербург, Московские ворота"
Инженер-строитель,https://spb.hh.ru/vacancy/66116993,"{'min': None, 'max': 135000, 'cur': 'руб.'}",ПИК,Москва
Инженер ПТО,https://spb.hh.ru/vacancy/55303468,"{'min': 100000, 'max': 120000, 'cur': 'руб.'}",ООО КомАль,Красноярск
Инженер-технолог штамповочного производства,https://spb.hh.ru/vacancy/55514537,"{'min': 70000, 'max': None, 'cur': 'руб.'}",ООО Прайм,Москва
Инженер-схемотехник в отдел НИР,https://spb.hh.ru/vacancy/55150471,"{'min': 67500, 'max': 82500, 'cur': 'руб.'}",НПО САУТ,"Екатеринбург, Уральская"
Инженер-конструктор,https://spb.hh.ru/vacancy/66146863,"{'min': 80000, 'max': 120000, 'cur': 'руб.'}",ООО Арайд,Санкт-Петербург
Инженер проектировщик - технолог очистных сооружений биологической очистки,https://spb.hh.ru/vacancy/55196235,"{'min': 150000, 'max': None, 'cur': 'руб.'}",ООО ЦПИО,Москва
Ведущий инженер-конструктор,https://spb.hh.ru/vacancy/55300269,"{'min': 120000, 'max': None, 'cur': 'руб.'}","Реком, Завод Деталей Трубопроводов","Санкт-Петербург, Площадь Александра Невского 2"
Инженер строительной лаборатории,https://spb.hh.ru/vacancy/55155452,"{'min': 80000, 'max': 100000, 'cur': 'руб.'}",ООО Строймат и К,Москва
Инженер ПТО,https://spb.hh.ru/vacancy/54550456,"{'min': 110000, 'max': 150000, 'cur': 'руб.'}",ООО ПН СтройИнновация,Пермь
Инженер по обслуживанию систем КСОБ,https://spb.hh.ru/vacancy/55230839,"{'min': 80000, 'max': None, 'cur': 'руб.'}",ООО Первая Газовая Компания,"Санкт-Петербург, Московские ворота"
Инженер ПТО,https://spb.hh.ru/vacancy/55550502,"{'min': 90000, 'max': None, 'cur': 'руб.'}",ООО Айком Инжиниринг,Москва
Инженер-электроник,https://spb.hh.ru/vacancy/55906767,"{'min': None, 'max': 150000, 'cur': 'руб.'}",ООО МЕТИЗ ИМПЭКС,Москва
Инженер по первичному осмотру объектов,https://spb.hh.ru/vacancy/55548614,"{'min': 75000, 'max': None, 'cur': 'руб.'}",ООО Авинком,Москва
Инженер-дефектоскопист,https://spb.hh.ru/vacancy/66140618,"{'min': 80000, 'max': None, 'cur': 'руб.'}",ООО ГРЭЙ,Нижневартовск
Инженер КИПиA (Инженер по обслуживанию газового оборудования/Теплотехник/Наладчик оборудования),https://spb.hh.ru/vacancy/55463267,"{'min': 120000, 'max': 120000, 'cur': 'руб.'}",ПромГазСервис,Уфа
Инженер АСУП,https://spb.hh.ru/vacancy/55594483,"{'min': 70000, 'max': None, 'cur': 'руб.'}",ОАО Кирово-Чепецкий кирпичый завод,Киров (Кировская область)
Инженер-технолог Производственно-технического отдела (аммиак),https://spb.hh.ru/vacancy/55341949,"{'min': None, 'max': None, 'cur': None}",Метафракс Групп,Губаха
Инженер-конструктор (технический специалист),https://spb.hh.ru/vacancy/55191273,"{'min': 90000, 'max': None, 'cur': 'руб.'}",Икапласт,Санкт-Петербург
Инженер ПТО,https://spb.hh.ru/vacancy/55198423,"{'min': 80000, 'max': None, 'cur': 'руб.'}",СК Полигран,Краснодар
Инженер-технолог/Технический писатель,https://spb.hh.ru/vacancy/55486086,"{'min': 80000, 'max': 100000, 'cur': 'руб.'}",ООО ENGY,"Москва, Кантемировская"
Инженер-электроник (стажёр),https://spb.hh.ru/vacancy/55430191,"{'min': 25000, 'max': 100000, 'cur': 'руб.'}",ООО АгроТехСервис,Белгород
Ведущий инженер-конструктор,https://spb.hh.ru/vacancy/55480239,"{'min': 100000, 'max': None, 'cur': 'руб.'}",ООО Инновационная Техника и Технологии,"Санкт-Петербург, Московские ворота"
"Главный инженер,начальник окс",https://spb.hh.ru/vacancy/66080992,"{'min': 100000, 'max': 150000, 'cur': 'руб.'}",ООО МПГС,Уфа
Сервисный инженер,https://spb.hh.ru/vacancy/54844274,"{'min': 30000, 'max': 150000, 'cur': 'руб.'}",ООО ПОЖТЕХПРОМ,Кемерово
Главный инженер проекта,https://spb.hh.ru/vacancy/55442031,"{'min': 200000, 'max': None, 'cur': 'руб.'}",ООО Технологии Строительных Проектов,Москва
Инженер-стажер,https://spb.hh.ru/vacancy/54901444,"{'min': None, 'max': None, 'cur': None}",INTACT,Москва
Инженер,https://spb.hh.ru/vacancy/66127362,"{'min': 70000, 'max': 77000, 'cur': 'руб.'}",ООО Тайгер Микс,Владивосток
Помощник инженера-проектировщика,https://spb.hh.ru/vacancy/55218543,"{'min': 55000, 'max': 70000, 'cur': 'руб.'}",Студия-ДК,Москва
Ведущий-инженер конструктор,https://spb.hh.ru/vacancy/55596323,"{'min': 130000, 'max': 150000, 'cur': 'руб.'}",ООО ПИР-М,Москва
Инженер-электроник,https://spb.hh.ru/vacancy/55052230,"{'min': 120000, 'max': None, 'cur': 'руб.'}",ООО Каури,"Санкт-Петербург, Лесная"
Инженер ПТО,https://spb.hh.ru/vacancy/54355074,"{'min': 145000, 'max': 200000, 'cur': 'руб.'}",АО Ямалгипротранс,Тобольск
Инженер-конструктор,https://spb.hh.ru/vacancy/55367074,"{'min': None, 'max': 4000, 'cur': 'руб.'}",ООО Институт физики НАН Беларуси,"Минск, Академия наук"
Ведущий инженер расчетчик,https://spb.hh.ru/vacancy/55562072,"{'min': 80000, 'max': 100000, 'cur': 'руб.'}",ООО Инженерные Технологии,"Санкт-Петербург, Новочеркасская и еще 1 "
Инженер ПТО/Ведущий инженер ПТО,https://spb.hh.ru/vacancy/66068008,"{'min': 120000, 'max': 150000, 'cur': 'руб.'}",ООО Промстроймонтаж,Воронеж
Главный инженер проекта,https://spb.hh.ru/vacancy/55384027,"{'min': 110000, 'max': 190000, 'cur': 'руб.'}",ООО ИНТЭКС,Екатеринбург
Инженер по эксплуатации,https://spb.hh.ru/vacancy/55554161,"{'min': 40000, 'max': 60000, 'cur': 'руб.'}",ООО Центр Вест,Омск
Инженер-монтажник,https://spb.hh.ru/vacancy/66067030,"{'min': 65000, 'max': None, 'cur': 'руб.'}",ООО Мелдана,Горнозаводск
Ведущий инженер,https://spb.hh.ru/vacancy/55148506,"{'min': 140000, 'max': None, 'cur': 'руб.'}",HMPS BUSINESS,Москва
Инженер-конструктор,https://spb.hh.ru/vacancy/47191644,"{'min': 80000, 'max': 130000, 'cur': 'руб.'}",ForAvia,Обнинск
Инженер по автоматизации технологических процессов,https://spb.hh.ru/vacancy/55292668,"{'min': 70000, 'max': 120000, 'cur': 'руб.'}",Акционерное общество Специализированное монтажно-наладочное управление цветметналадка,Норильск
Инженер,https://spb.hh.ru/vacancy/55319106,"{'min': 80000, 'max': None, 'cur': 'руб.'}",ООО КОСИМА,"Санкт-Петербург, Петроградская"
Инженер/Ведущий инженер ПТО (Балаково),https://spb.hh.ru/vacancy/66062953,"{'min': 100000, 'max': 125000, 'cur': 'руб.'}",ООО Смарт Констракшн,Балаково
Инженер-механик технологического оборудования,https://spb.hh.ru/vacancy/66112863,"{'min': 110000, 'max': None, 'cur': 'руб.'}","ООО ТехИнновации, филиал г. Россошь",Уфа
Инженер по ремонту,https://spb.hh.ru/vacancy/66131978,"{'min': 73000, 'max': 73000, 'cur': 'руб.'}","Экопром СПб,ООО","Санкт-Петербург, Кировский завод"
Инженер ПТО,https://spb.hh.ru/vacancy/66132654,"{'min': 140000, 'max': None, 'cur': 'руб.'}",АО НПО Аконит,Иркутск
Инженер РСР,https://spb.hh.ru/vacancy/66065021,"{'min': 50000, 'max': None, 'cur': 'руб.'}",ООО Эко-Сервис,Ульяновск
Сервисный инженер,https://spb.hh.ru/vacancy/55065148,"{'min': 90000, 'max': None, 'cur': 'руб.'}",ProfiStaff,Москва
Инженер по сервису,https://spb.hh.ru/vacancy/66066561,"{'min': 60000, 'max': None, 'cur': 'руб.'}",Веза,Краснодар
Главный инженер проекта,https://spb.hh.ru/vacancy/66152970,"{'min': 120000, 'max': 170000, 'cur': 'руб.'}",ООО САС,Москва
Инженер по техническому сопровождению проектов (Энергетика),https://spb.hh.ru/vacancy/66115289,"{'min': None, 'max': None, 'cur': None}",ООО НЭМЗ,Москва
Инженер-эколог,https://spb.hh.ru/vacancy/55550017,"{'min': 60000, 'max': 100000, 'cur': 'руб.'}",ООО ГЛАВЛАБГРУПП,Москва
